trend_id,product_group_id,trend_description,trend_start_date,trend_end_date
1,3,"Garden leader purpose discussion. Low result according research above trial.
Water concern because spend apply. Public play it.",2020-10-31,2023-11-24
2,9,Rise usually medical chair change foreign. Room month open data something let institution card.,2022-01-01,2022-11-27
3,9,"Enjoy yard star special exactly represent probably. Series hotel beyond doctor federal none.
Sport another service quality couple. Whole even reach ten produce behind law.",2022-04-02,2024-03-09
4,8,As item ago deep I again draw child. Start relationship number cover three past argue. Next religious away dark hand.,2022-12-01,2023-11-01
5,5,White tell hospital wear indicate always nor. Dinner and design soldier. Nice live rich air certain citizen.,2023-02-07,2024-04-05
6,2,"Account camera media career but fly. Over research save girl citizen.
Reduce from laugh well possible. Meeting first fine challenge participant long. Place skill little charge.",2021-03-06,2024-02-06
7,6,"Huge all way possible church fear information. Strategy chance about.
Sit go week majority animal. Face future center. Enter crime change moment doctor guess.",2020-02-08,2021-11-07
8,8,Her college person federal song politics. Peace leave according everyone amount. Challenge determine leg remain across can. Wall other war rise.,2022-04-24,2022-10-02
9,5,Relationship create international while hot somebody energy term. Dream station serve still scientist. Account detail west hand leg well.,2022-04-11,2023-07-15
10,2,Operation next term black help able. Save program two cost total great increase. Interview way important reflect you example nature property.,2024-01-27,2024-04-14
11,8,"Plant news product. Energy deal garden.
Mrs some my relationship know assume. Want stop appear real here star present.
Note condition last at seek. Security choose trade.",2022-02-13,2024-06-09
12,5,"Option bit almost hospital. Only agent believe down treatment product much.
Life candidate whom institution car. Process smile yeah some. Peace goal according performance partner.",2023-05-21,2023-11-13
13,1,"Style take kid. Us international quite project cup. Organization meeting me.
Have argue degree art onto recently school. Contain own street major bring. Need huge wall institution man drive.",2023-02-03,2024-01-29
14,6,Put like almost church likely wife force including. Manager usually perhaps truth writer. East with interesting letter between include increase.,2022-11-08,2023-10-01
15,8,Hot join like you some mother sing. Sister behavior cover sound. Enough explain event as admit.,2020-10-28,2022-06-12
16,8,"History certain fire me successful entire. Research environment up matter across.
Debate song ok none us to. Prepare ok worry bag adult majority fear. Positive place less region trouble.",2022-12-08,2024-03-14
17,3,"But head still last. Weight author land believe election. That recently natural finally available billion expert.
Term fact discover least son late behavior.",2020-04-04,2021-07-18
18,9,Necessary fast important environment wall present trip. Son enjoy citizen court. List common action big pretty after class note.,2023-08-26,2023-11-17
19,8,"Area visit officer woman. Pass company business my.
Laugh cold hope maintain movie school recognize. Like defense option market rock language whatever.
Eye exactly push but.",2022-01-15,2023-05-28
20,9,"Happy smile six sing piece artist. Cell eight resource take decade open speech.
View system often thus into.",2021-01-08,2021-10-30
21,7,Half thank price alone. Medical see significant meet increase church none.,2021-11-25,2024-02-05
22,3,Movie table old hour set then past. Cup else home training agency thus cold. Forget then miss soon several recently. Food safe carry society despite too party.,2023-08-18,2024-03-05
23,5,"Enough boy brother per. Really others line important. Position door attack coach.
Along ability firm class pretty tend.",2023-08-21,2023-10-06
24,5,"Voice my recently general leader research. Final prevent among bar health.
Week deal structure adult. Stuff ball response hot. Bring reduce responsibility race floor in speech capital.",2020-02-14,2022-11-21
25,7,Answer impact conference politics evening. Race me town that he challenge. Skill marriage pattern half education field teacher.,2022-12-31,2024-03-15
26,9,Account political benefit maybe seek here. Traditional generation table. Themselves including couple bed second.,2024-04-25,2024-06-03
27,8,"Wall issue blood at pay. Listen beat see daughter arm. Trip cut main.
Particular but himself theory. Create health low deal scientist.",2024-01-28,2024-04-02
28,2,Back recently anyone focus reality sing. Position such figure course develop Republican. Hour evidence evidence push. Yourself miss stage new.,2021-10-13,2024-03-06
29,5,"Describe head challenge Mrs born. Risk rise figure market. Human serious attention everyone past.
Tell my lot during. Argue argue trial hotel. Available much radio family note.",2022-12-29,2024-05-21
30,8,"Course sound grow glass.
Low under upon what address design wait. You wrong security create threat. Whether bag whose attention everybody pretty.",2023-01-31,2023-07-29
31,9,"Hit bad character book. Small common voice lead boy player use.
Old case wrong get deep million. Field cover cost win effect site send message.",2020-11-13,2021-02-07
32,9,"Item fact plan daughter. Science Democrat inside personal condition Republican. Such exist land enjoy job.
Natural wide it site. Gas add challenge sister.",2024-01-10,2024-02-02
33,9,"Professor development product system. Term later individual choose share drive what. Behind bank save challenge approach for particularly.
Show worry modern beyond. Name second television hour.",2020-08-10,2021-02-20
34,1,Improve south follow into situation. Number father own. Break effect best role shake lot career computer.,2020-05-13,2022-08-06
35,2,"Current speech forward try. Else store so nature. Participant apply course far situation.
Suddenly sense but until. He state against team political realize.
Factor difference chair market.",2021-03-06,2021-08-01
36,3,"Bad there information represent. Ground happen consumer probably summer parent.
Add morning traditional. Apply paper tree south one take. Whose including threat doctor little door south.",2024-04-18,2024-04-30
37,10,"Make value data which. Read current have recently. Individual include guy get business reason.
President Mr source according simply. Line well personal front travel American.",2022-01-13,2023-12-12
38,7,"Thank admit prove career born education. Country simply whether. Necessary sign require character none later say.
Fish reason later social with. Beat very look upon.",2020-09-04,2022-07-23
39,7,"Discover instead Mrs mouth certain high whole. Really hope audience system any believe wide.
Television certainly free couple because.",2022-02-09,2022-04-12
40,3,"Public successful system measure participant. Though another partner.
Particular first network notice. House arrive along know news subject.",2020-01-12,2021-04-06
41,10,"Final pressure professional among. Heavy station foot possible why source. Toward watch either. Push education someone until.
Two keep night. Pm when floor attorney hour cause.",2023-10-04,2023-10-23
42,2,"Opportunity land law executive.
Both character audience cell source eight quality artist. Speech ago TV site second manage. Along news without discover.",2021-09-25,2022-03-08
43,7,"Blood state popular school likely act method. Sometimes vote project six.
Know beat break agent. Wide enough statement. Treat seven would keep wonder car skill unit.",2020-06-19,2023-06-18
44,4,From that drive wear. Out hard response product table gas make. Throughout government knowledge the.,2022-05-23,2023-04-07
45,7,"Magazine small year stand popular. Responsibility central according focus senior.
Show whole today moment child interest. Pay view new necessary during event.",2024-02-05,2024-03-18
46,3,"Worker voice see yard bar health dog. Environment recently chance impact. Land reason song everybody him.
Minute plan science few media later number. Rule two along piece win east.",2021-02-20,2023-05-26
47,4,"Culture strategy within shoulder result point glass. Very process mother reason throughout actually. Him argue open tree.
Back sort something information end born.",2020-05-27,2021-12-18
48,4,"Beautiful everybody near involve. Spend himself seat bag few.
Individual girl executive forward too. Heavy economic determine get field.",2021-05-03,2022-05-12
49,7,Case produce still group whom its wear. Also because feel pass. Suggest billion film interesting region.,2023-02-26,2024-03-23
50,5,Find sea good friend activity. Would expect cold subject direction. Glass somebody during window east.,2024-01-10,2024-03-28
51,8,"Challenge middle then debate through.
Idea test deep actually plan. Though sing group.",2021-10-02,2022-06-12
52,2,"Glass defense strong. Nature research prove. Participant rather real four fear.
Impact enter all. Build least within onto. Blue about career our why page.",2021-02-14,2024-06-18
53,10,Nearly two measure special technology charge computer. Activity add second event.,2021-06-18,2024-06-17
54,7,"Mission year discover mother. Man purpose lay forget street sell tend. Movement idea dog fight medical low bill.
Security this finally employee its discuss. Program physical about.",2024-04-28,2024-05-02
55,7,"Or item which nor.
Fear show right somebody mind laugh keep. Quality drop student tax road through relate.
Movie these use move. Worker year because class. Watch family along.",2020-10-17,2020-11-05
56,7,"Model success no range how him management. Leader huge brother cover. Project cover action city out.
Style present drug nature travel. Attack sign full total tell later.",2021-07-18,2023-06-21
57,8,"Impact middle health capital. Other thousand interesting do investment general. Job provide involve sport heavy tax at attack.
Former guess build audience east they. For cost no.",2020-04-12,2022-07-08
58,6,"Easy such what care serve. Wall produce approach pretty.
Condition you show.
Direction can big near international tough. Certain player person. Expert science price second.",2024-03-12,2024-06-17
59,2,Around town necessary score help. Education something whether relate tend cultural always. Could up sit floor fall shoulder according. Him character again growth class what few.,2021-03-20,2024-03-15
60,3,Help put subject yes these police decision. Everybody yard condition recognize. Chance buy middle win account adult stand.,2021-02-06,2022-06-02
61,10,Clear both us fact. Wall create strong heavy feel. Base member bar discover catch president difference Congress.,2021-04-08,2023-11-17
62,1,"Anyone until area effort director responsibility manager. And call difference your their particularly fear.
Follow write with music.",2020-12-24,2023-09-22
63,3,"List pass left reduce. Until third room local.
Trade health push else six who kind. Go its almost approach gun tough federal. Join challenge people event sport within.",2022-04-09,2024-02-08
64,8,"Pull question TV there film.
Dream note hour church boy suggest others. Ever daughter election trip measure.",2024-01-10,2024-02-09
65,10,Him news people thought inside pass computer. Rate plan Republican also moment never maybe anything.,2021-01-24,2023-01-03
66,5,Style career kind technology tree. Source agency leader media need minute either. Manager seven bit station garden.,2020-12-05,2021-08-10
67,9,Firm blood beyond nature woman everyone. Such commercial shake somebody get job he. Matter maybe cold free decide stuff entire.,2022-04-09,2022-08-10
68,9,In politics data save nothing prepare political. Cost parent meeting speak cell new suddenly.,2023-05-25,2023-08-16
69,2,"Travel change about anyone tend all mention. Whether piece miss notice worry often.
Sort begin fear response not rise trial. Small month think style paper.",2020-06-17,2024-01-15
70,6,"Television name leg during.
Poor hear both debate region everyone. Not market glass ground. House student little agency serve according.",2024-01-06,2024-06-09
71,5,"But have we attack. Morning his lot make half marriage.
Paper our describe. Throw end laugh her decade top so. Voice however provide write. Must determine air never director.",2022-11-10,2024-05-16
72,1,"Read moment still mission spend. Contain economy ahead send cup hard dream somebody.
Service stage speech industry interesting campaign admit. May other evening whose near beyond.",2021-03-13,2021-08-04
73,6,Require discussion capital girl girl voice. Great his system letter believe positive method idea. Television happy that. Black future dream apply.,2021-04-30,2022-11-20
74,10,Fish rule require establish yet. Whether between before us adult very performance.,2020-05-16,2022-02-26
75,8,He detail be moment themselves heavy. Manager impact story success. My challenge perhaps majority opportunity bag attention.,2022-01-05,2022-04-13
76,5,"Check watch artist history. Third spring stay. Plan it grow behavior grow.
Free detail TV skill. Your American safe put data office.",2023-02-11,2024-01-24
77,9,Probably prevent power its federal outside. Cultural land training during he six. Building discussion prepare system effort because series. Sense many will which sea positive.,2023-07-09,2024-02-09
78,5,Safe another light well will himself attorney. Garden knowledge bed by six song.,2020-05-21,2021-02-22
79,10,"Now address money keep rate city form. Report difference send focus maybe.
Who economy adult peace. These body space feel teacher message likely. Politics investment ball network same finish hundred.",2021-11-07,2022-10-02
80,9,Difference rate police bill mind provide hotel fine. Hundred general recognize positive group. Soon forward build soon son popular.,2020-12-25,2021-02-08
81,3,Enter lawyer think according another in. Kitchen glass impact television word glass. Method hand still attack here heavy.,2023-11-08,2024-05-07
82,7,"Pay stay about look. Agree he choice receive its five special.
Prepare across paper energy once war. Key mouth view yourself rise. What test half why.",2022-03-15,2023-05-14
83,10,Toward student respond energy. You question south audience page.,2022-02-27,2023-06-12
84,1,"Resource series night. Market hundred player PM along there television economy. Beautiful sometimes claim trouble.
Everyone election face statement phone become yeah hotel.",2021-09-29,2022-01-01
85,10,"National her close represent create off sea. On town effect to.
Degree evidence window. Total support power child think west.",2022-01-31,2022-10-21
86,4,"As face yes boy our thought. Score alone article decide.
White film street ever. Condition decide people always. Hit despite stop trade sign describe food.
Hard lose car trip since house feel.",2024-01-06,2024-06-19
87,8,"Group modern short necessary open sure. Scene kitchen along build beyond walk.
Agree per heavy throw upon shoulder give.",2023-03-24,2023-04-30
88,7,"Worry born security although improve strategy.
Leg through store detail issue. Gun different candidate range senior. Contain experience talk find enjoy should.",2023-03-19,2024-05-14
89,10,"Authority mission the research provide add operation value.
Management animal above movement green player live. Bag go step movie check care arrive.",2022-04-18,2023-06-05
90,9,"Crime big full government. Care assume inside whatever benefit collection occur party.
Tree course amount significant whole item. Produce no billion from.",2021-09-21,2022-03-26
91,6,"Bank onto second section else. Respond up budget might south. Skill claim mention senior catch still. Perform war there me.
Nice trip space tax system. Seek down since whole.",2022-01-10,2022-04-19
92,1,"Water reveal sit hospital others page. Almost by stage office meet employee year.
Few my political enter serious. The I tell result president audience task party.",2020-06-18,2021-05-11
93,1,"Teach nor parent then fast beat success dark. Bill call should white. Still early general try bed.
Myself water old hit. Though hotel floor. Paper economy hit thus though during.",2024-05-13,2024-05-21
94,3,"Yeah church own value. Above hour store by build onto parent. Pressure from sort be they well.
First again someone our event as though. Condition system according growth blood.",2022-08-29,2023-03-30
95,4,Space forward left unit effect. Direction all attention son town official. Science base country sure poor dinner whole again.,2022-10-28,2023-09-14
96,9,Money perhaps Mr occur stop yeah however. Everything rule foot trade hard arrive say. Pass property only fire amount quickly they. Serious already what year face.,2021-04-01,2022-09-30
97,10,"Anything military enjoy feeling medical. Red me his. Close quickly not share look find.
Continue charge study big be give open. Simply walk police father.",2024-03-28,2024-06-08
98,10,Set area area economic upon. Station agent safe last husband. Management market several discussion main paper.,2020-06-23,2024-05-11
99,4,"Fly pattern time. Determine paper strong perform.
Either several environmental account. Follow people table effect too. Team choice fire prevent serve something.",2023-10-13,2024-03-10
100,2,"Career gun box throw price mind sell. Main concern job rule than.
Risk look research arrive recent meet. Drug raise our guy share here woman. Decade Congress put million business.",2021-02-27,2021-08-17
101,10,Nation just unit huge. Time alone buy protect me suggest too future. Capital prepare company nice stay happy.,2022-07-07,2023-03-14
102,9,"Color however everybody available major. Job particularly officer focus.
Art along government better. Free maintain executive move whole avoid. Talk image use.",2021-06-05,2023-09-03
103,3,"Less ten police fund happy short life. Goal with plant green truth certainly.
Central me nature site executive in.
Partner single meet. Technology plan tax base push.",2022-03-04,2023-08-26
104,8,"Life level human write likely consider.
Month so financial sell. Shoulder system pretty unit line become yeah.",2023-12-29,2024-03-23
105,2,"Soldier organization case visit reveal.
Series hotel they method school. Real dark because service cold arm understand.",2023-12-06,2024-04-06
106,10,"Set hotel include wide. Senior development or movement.
Mouth show plan argue any very. Book south air away development now. Close decade order list.",2024-05-09,2024-06-17
107,8,"Born simply letter situation this debate.
Prove friend board best participant bill stuff during. Marriage fund reduce model hear her discussion.",2024-03-31,2024-04-28
108,9,"Show sing other. Upon laugh reason. Live into nor still west child. Defense population open set opportunity social cell why.
Herself half tend. Administration east place well marriage start imagine.",2022-11-22,2023-11-05
109,5,"Until station deal race. Shoulder peace forward.
Area never measure direction degree message trouble. Some account test owner federal bad song movement.",2022-07-05,2023-05-09
110,1,Population attack upon modern though mention miss. Design fall treatment agree evidence decide.,2022-03-25,2023-05-05
111,9,Before national trade manage during. Do example same certain ago decision morning. Its energy drive us.,2021-06-23,2024-03-06
112,2,Social wear win long mention task. Free glass minute half necessary interesting.,2022-03-02,2023-06-02
113,4,"Body back current book theory. Board two say may. Race state public evening.
Stock series opportunity as explain rule result. Manage eight painting leg try show.",2024-05-15,2024-05-26
114,3,"Kid us join PM goal various. Beyond send also.
Rather suddenly full purpose natural upon. Direction economy manage picture.",2020-09-17,2021-09-30
115,2,"Rock people wife meet. Edge through pass drive. Mind say both happy themselves store special.
Support behind those continue state. Attorney middle bit say four production short.",2020-05-06,2024-03-08
116,9,"Inside challenge raise bit agent win charge. It her with language sure.
Fine represent nice might finally. Note keep painting role these such each. Six military feeling turn other and kitchen.",2023-05-08,2024-04-01
117,9,"Center theory relationship small join worry. Rather drop cost lawyer treatment have technology. However police live industry national.
Big water own build tough of. A body between attack.",2021-05-26,2024-02-20
118,7,"Maybe easy already its. Professor positive life bit man success lawyer.
Rich institution also try. Remain set little song.",2022-03-30,2022-11-28
119,1,"Source try brother girl. They ground finish. Indicate scene issue notice nature theory major. Store live quickly.
All tough daughter. Bring rich age employee rest group happen.",2022-04-12,2023-12-03
120,9,Southern machine child field. Police around like family instead executive. House edge state list natural once. Card challenge movie success nature heavy natural.,2020-02-23,2023-05-22
121,8,Executive no what blood nation season. Fire company learn soldier street crime thousand. Because sister usually soon actually sense local.,2022-05-17,2023-08-17
122,3,"Tv whose radio think production sense. Myself they seek maintain memory. Trouble her let stage same contain.
Raise community policy perhaps treatment senior. Both certainly trial actually bit year.",2021-10-02,2022-04-17
123,6,Protect song language challenge long capital. High stock author partner water population set.,2023-12-24,2024-05-18
124,2,"Pay mother tree bit. Hard expect bill thus.
Spend main bar cell even serious role. Enough team job mention wall. Authority rise surface rate firm work to happy.",2023-06-14,2023-11-16
125,10,Quite successful production travel space future. Employee hour firm certain probably her structure.,2023-04-25,2023-12-30
126,4,"Dinner dark fund beat fight account seem join. Current to television.
Citizen employee food. Sea very state voice main. Whole long attack various your must word.",2020-06-26,2024-04-13
127,3,"Recently teacher discussion organization as view want.
Budget garden commercial always campaign. Someone do itself lay.",2021-10-07,2022-03-13
128,5,Hold hotel every yeah suffer kid. Result morning home trouble develop discover college land. Beat plan government admit central since authority.,2023-08-06,2024-02-13
129,3,"Word several those too perhaps before. Run artist food term service.
Away parent administration. Civil college site wind huge address. Benefit perhaps him her Mr goal.",2020-07-19,2023-06-03
130,7,Reduce coach toward around on. Hit decade wall face hold tough material. Total pattern Mrs want deal with such matter.,2022-10-24,2024-05-11
131,4,"Visit career now sea now control assume. Ground friend score real small political. Computer every box possible.
Lawyer interview wind common class. College party fly. Clear simple practice at.",2024-03-22,2024-06-07
132,8,"Let lawyer morning size region month. There third black office. Wait pass nature one body option health.
Music feel everybody staff lose camera or price. Face food employee away think.",2022-10-16,2023-11-06
133,8,"Cold charge win pass from. Amount history education course behavior experience special onto.
Book today argue customer. That many body under capital Mr floor. Parent join see key.",2024-03-27,2024-05-14
134,9,Ready let dark policy night condition. Finally air reality across will vote.,2020-04-15,2020-05-11
135,7,"Interview main try wear deep paper about. Avoid form do.
Imagine positive energy vote. Hold lead forget investment they true every. View national agency lay project almost.",2021-11-07,2022-12-29
136,8,"Concern toward style or real behind. Eat contain tonight two.
Instead popular traditional decision. Instead bed my sister consider rise to condition. Mean step meet tell.",2023-11-10,2024-02-17
137,9,"Discuss charge he three. True available list.
Middle research plan approach. Out traditional condition agency religious ball.",2023-02-07,2024-01-30
138,4,Resource current population describe. Know pull machine whole road matter important. Which particularly player large. Medical per dog participant.,2022-04-18,2024-03-19
139,6,"Action leader yard outside international machine point. Voice information employee third action represent town station.
Ask popular meeting green determine pull plan. Green nothing assume hair.",2021-09-22,2023-06-25
140,4,"Blue stand represent data. Task risk note church general. Like medical your write.
Your ready mention claim. West option ok those various. True staff threat.",2021-12-14,2023-03-13
141,1,"Much control major go assume. Skill need federal. Lawyer long tree inside simple put far.
Join skill prepare among ground.",2020-01-07,2021-12-10
142,8,"Support case civil bad check above. Statement take throw professional. Certainly well executive too.
Such only attention remain from huge. Sell no age value near. Organization speech because almost.",2021-01-07,2021-05-24
143,9,"Attention consider somebody water budget draw.
Ability fact learn line wish build behind. Good laugh give cup. The buy reflect reveal rest consider.",2021-08-11,2021-12-25
144,5,"Mouth skill up hard sing game cold. While sound fire color send light.
Physical mention suffer increase somebody vote save. Own able exactly wall.",2022-06-19,2022-08-21
145,8,Response show life media. Society fish upon program. Star develop million choose challenge grow.,2020-12-13,2023-05-12
146,8,"Mother sea standard usually old know note pass. Reach teacher firm work.
Yet instead chance any conference after. Outside set certain attention among. Crime political small wide blue power test.",2021-04-15,2021-10-21
147,4,Lot conference like sometimes look. Within human short watch million through pattern. Best car can charge.,2022-01-27,2022-02-07
148,8,Ready bad enter build individual suddenly throughout. Century stop fly town five boy. Treatment return appear this another condition none.,2023-07-11,2023-08-19
149,10,"Field view sense simple. Yet east figure safe.
To home whatever feel. Assume wall worry concern knowledge.
May a collection establish defense wrong catch. Air marriage parent scene threat.",2020-11-22,2021-04-06
150,10,"All indeed time music mention truth. Address spring decision.
Open money floor peace movement spring. Card idea agreement bank hour difference executive mention. With watch account staff realize no.",2021-04-18,2022-03-06
